{"waist": 5, "shoulder": 15.949621582031234, "elbow": 190.19999999999777}